{
  "accuracy": 0.9274809160305344,
  "balanced_accuracy": 0.8378242353852109,
  "precision_macro": 0.8941176470588236,
  "recall_macro": 0.8378242353852109,
  "f1_macro": 0.8629203247385391,
  "f1_weighted": 0.9260150397366945,
  "labels": [
    "Below Specialty",
    "Excellent",
    "Very Good"
  ],
  "classification_report": {
    "Below Specialty": {
      "precision": 0.8571428571428571,
      "recall": 0.8333333333333334,
      "f1-score": 0.8450704225352113,
      "support": 36.0
    },
    "Excellent": {
      "precision": 0.8823529411764706,
      "recall": 0.7142857142857143,
      "f1-score": 0.7894736842105263,
      "support": 21.0
    },
    "Very Good": {
      "precision": 0.9428571428571428,
      "recall": 0.9658536585365853,
      "f1-score": 0.9542168674698795,
      "support": 205.0
    },
    "accuracy": 0.9274809160305344,
    "macro avg": {
      "precision": 0.8941176470588236,
      "recall": 0.8378242353852109,
      "f1-score": 0.8629203247385391,
      "support": 262.0
    },
    "weighted avg": {
      "precision": 0.9262300339983321,
      "recall": 0.9274809160305344,
      "f1-score": 0.9260150397366945,
      "support": 262.0
    }
  },
  "confusion_matrix": [
    [
      30,
      0,
      6
    ],
    [
      0,
      15,
      6
    ],
    [
      5,
      2,
      198
    ]
  ],
  "roc_auc_ovr_weighted": 0.9832118615141546,
  "roc_auc_ovr_macro": 0.9882035477772843,
  "best_params": {
    "model__n_estimators": 400,
    "model__min_samples_split": 10,
    "model__min_samples_leaf": 1,
    "model__max_features": "log2",
    "model__max_depth": 16
  },
  "best_cv_f1_macro": 0.9038223519087036
}