{
  "accuracy": 0.9656488549618321,
  "balanced_accuracy": 0.9492386114337333,
  "precision_macro": 0.9367161716171616,
  "recall_macro": 0.9492386114337333,
  "f1_macro": 0.9419229592528694,
  "f1_weighted": 0.9659852665565607,
  "labels": [
    "Below Specialty",
    "Excellent",
    "Very Good"
  ],
  "classification_report": {
    "Below Specialty": {
      "precision": 0.875,
      "recall": 0.9722222222222222,
      "f1-score": 0.9210526315789473,
      "support": 36.0
    },
    "Excellent": {
      "precision": 0.95,
      "recall": 0.9047619047619048,
      "f1-score": 0.926829268292683,
      "support": 21.0
    },
    "Very Good": {
      "precision": 0.9851485148514851,
      "recall": 0.9707317073170731,
      "f1-score": 0.9778869778869779,
      "support": 205.0
    },
    "accuracy": 0.9656488549618321,
    "macro avg": {
      "precision": 0.9367161716171616,
      "recall": 0.9492386114337333,
      "f1-score": 0.9419229592528694,
      "support": 262.0
    },
    "weighted avg": {
      "precision": 0.9671963570402843,
      "recall": 0.9656488549618321,
      "f1-score": 0.9659852665565607,
      "support": 262.0
    }
  },
  "confusion_matrix": [
    [
      35,
      0,
      1
    ],
    [
      0,
      19,
      2
    ],
    [
      5,
      1,
      199
    ]
  ],
  "roc_auc_ovr_weighted": 0.979595068790444,
  "roc_auc_ovr_macro": 0.9832263726832311,
  "best_params": {
    "model__C": 1,
    "model__kernel": "linear"
  },
  "best_cv_f1_macro": 0.9550197674714063
}